Id,Outcome,Predicted_Class
1647,"[0.9147315397163138, -0.1993878621478349, 3.2404959969938263, 1.856254496290915]",2
1562,"[3.2147004362169858, -0.16781885248847228, 1.9537022063809002, 0.870593959507002]",0
2728,"[2.218422971943958, -0.23268967157748827, 0.790592093481965, 3.2258408846546662]",3
3630,"[3.2432626459324796, -0.2009497340870088, 2.0953994729815695, 0.7956750547992779]",0
3926,"[2.2376250945698826, 3.2313914790301164, 0.7780594433874678, -0.24468628980529253]",1
364,"[3.2347124712877755, -0.22561713611932743, 0.8542628201842916, 2.1098402882992056]",0
1687,"[3.249917601056462, 1.9077154911641616, -0.21805327573698496, 0.8602744390492283]",0
2938,"[3.169592262964535, -0.17718652193998768, 2.0954864589313806, 0.9225939699095259]",0
1981,"[3.269694565234845, 2.155822113893497, 0.7864284856947861, -0.2563938750840152]",0
3982,"[2.0896502763300546, -0.17117882294933864, 3.166824912692803, 0.9203169644358227]",2
2385,"[3.2746365782945506, 0.7907921545438863, 2.1114524371126095, -0.25918937891989186]",0
2985,"[3.2264376370346586, 0.9536186566650531, 2.078203344984481, -0.2311839117967338]",0
3886,"[3.1831482205639476, 0.9669795073887079, 1.9882753845392516, -0.1725414701603641]",0
1114,"[3.1993497615881226, 1.926506888480175, 1.031078909612108, -0.18889883638353808]",0
1126,"[3.178616927136623, 2.0623118532598115, -0.18718822091531476, 0.9687204259374919]",0
3393,"[2.2368742180021957, -0.2571409229498992, 0.8008956216361593, 3.2353665137941063]",3
3284,"[3.2441747377445327, 0.8122818835280169, -0.25596008578136403, 2.2167262647502204]",0
627,"[3.2588641477008675, 2.1711693904266025, 0.7779790113925549, -0.2390936614872832]",0
3958,"[3.2403722673811606, 0.7837394467922748, 2.139878804408658, -0.1979176651050521]",0
1269,"[1.0981344375227002, -0.2214933392936429, 2.0316685377311403, 3.197734356726712]",3
972,"[3.2071396110430976, 2.0496309554307355, 0.8737320261670827, -0.18227027456811823]",0
367,"[3.2157136058418296, -0.24215792639310788, 2.0954313584618207, 1.098728281321853]",0
3388,"[1.0525503157204186, 3.212261125217059, 2.1996306469241764, -0.25814696932761]",1
487,"[3.190281303319239, 0.8583535566206666, -0.1994806768165083, 2.157810939665426]",0
704,"[3.1754514587114606, -0.25300945207361747, 2.185737132904766, 1.1460851640999312]",0
51,"[3.226287581165581, 2.016001479488025, 0.8325389294012091, -0.1786384906918799]",0
1765,"[0.8805867160276715, 2.153221479929272, -0.24770997496418729, 3.240754406812725]",3
2987,"[3.2553802811752957, 0.9048653039710973, 1.9933447060849738, -0.246894985643962]",0
287,"[3.2304956817607122, 0.8213110072757752, -0.20826848339185522, 2.1222843940480405]",0
422,"[3.242672681951359, 2.1954751856356323, -0.25326808202085416, 0.8392541212602964]",0
3371,"[3.254176749189571, 0.892802653623113, -0.26333369177607546, 2.1687166239852913]",0
2761,"[2.1928552306420936, -0.2145857960789868, 0.7852851155547191, 3.230590847907153]",3
2283,"[3.2219642560947777, 2.090001024277537, -0.20663154457535243, 0.8591145837536867]",0
1591,"[3.2700254160411473, 2.1635287031056722, 0.7522993796877765, -0.2334048158294447]",0
3054,"[3.2133129963943454, 0.812314545704982, -0.2226454828151157, 2.2012044519900074]",0
3268,"[3.2782479845691506, 2.129843239348263, 0.7543731632489142, -0.24761582179841496]",0
994,"[3.169300879279817, 1.0825103624049384, -0.2331990945112242, 2.163938388301046]",0
1622,"[3.1640262498977316, 2.12699914888005, 0.9245049779582788, -0.18786893855870476]",0
2377,"[3.2354971615418524, -0.22447368585972957, 0.9501663395361666, 1.951754797167489]",0
3568,"[3.261979084821836, 1.9566556526411412, 0.8419367713791577, -0.24125820360192193]",0
2785,"[3.26976707200868, -0.24927484712477607, 1.868064197708685, 0.8720125254509439]",0
842,"[1.024187983179588, 1.875101864453965, 3.2132639851283678, -0.18552657399093395]",2
1082,"[3.2720963461952057, 0.9484932648039913, -0.28177854944144626, 2.1821645684981044]",0
2270,"[3.24429278704416, 2.0589865077882137, 0.8493547650030598, -0.22697354374710474]",0
1566,"[3.2550737951262847, 0.8643378835703085, 1.852692134952385, -0.21347929152816617]",0
3697,"[3.239105243168782, -0.21210194255856404, 0.901076810051852, 1.910698207206052]",0
2998,"[3.2619455937329747, -0.2099957042930835, 1.850112359032015, 0.8217300125501672]",0
3043,"[3.251228140697516, -0.2339528867826439, 0.8019098034936073, 2.143829370159867]",0
1763,"[3.2395020245512796, 1.8830053079908509, -0.18752104328375865, 0.8598321491354974]",0
684,"[3.245880720954244, -0.23078614760686667, 0.8378366851199424, 2.0928902742247844]",0
3250,"[3.222733546930088, 2.1741222093561663, -0.2618318493449829, 1.1188858692331074]",0
2194,"[3.18000551400995, 2.102021876417311, -0.17213574656816677, 0.8821104412558223]",0
3573,"[3.247178464850511, 2.1358874062611672, 0.8233074413766408, -0.23612939592330948]",0
1382,"[3.270550988623393, 2.1333514593674883, 0.7634523473303466, -0.23896158062296052]",0
1503,"[3.1710369084924053, -0.15442272783965696, 2.0469011973881757, 0.9127653881689843]",0
3575,"[3.248965671268351, -0.20668539424611534, 2.0100393060316604, 0.8085078627597274]",0
1822,"[3.246153738681653, 1.9002006697066294, -0.22838160645691138, 0.9398644087773195]",0
2793,"[3.162536010690583, -0.17439469303424068, 2.0365334408929137, 1.0073424074730162]",0
64,"[3.240393962335352, 1.9068892958499002, 0.8568630044131067, -0.19707819457442816]",0
1937,"[3.2646801436726434, 2.1032577655618385, 0.7937120955457236, -0.24276316841754464]",0
1344,"[3.241505437618321, -0.2129217600639559, 0.875620258615921, 1.9298705668559608]",0
620,"[3.190539338535954, 2.0175795308731073, 0.8530676559311794, -0.12523158423486963]",0
589,"[3.174640412793211, 1.028130856897426, 2.0557915152212627, -0.19407797764081264]",0
3655,"[3.257195330630096, 1.852382905330621, -0.19450437086560246, 0.8194228716182034]",0
1490,"[3.226120362811579, 2.053735549510386, -0.23288590678344748, 1.005642906765201]",0
126,"[3.2752054260938355, 1.8757032010756125, 0.7913963467965494, -0.23720028421722325]",0
1413,"[3.2694224323841428, 0.821509721265118, -0.23445300631015925, 1.86369563722436]",0
527,"[2.088497502826724, 2.065106416574166, -0.17709374595414917, 2.115367281501909]",0
418,"[-0.19982444963641702, 0.8513244831026788, 3.2518883772877154, 1.8527938301393045]",2
2396,"[3.2164526899663586, 2.203083552578525, -0.2589909260682812, 1.0225793884673748]",0
2271,"[3.203465598964222, 1.1858577128352357, -0.2728437961493868, 2.20912301291642]",0
2616,"[3.2138127451594887, 1.1307169850157623, -0.2664238855012848, 2.202501114009171]",0
3356,"[3.2336407179322744, -0.2077580351067034, 1.9280499292612094, 0.9024220898428719]",0
1501,"[-0.17131110413006645, 3.1742988554297233, 2.162628623955546, 0.8340581025170558]",1
2323,"[3.249942461416003, -0.22942628812835902, 0.847038674804649, 2.018507938480686]",0
88,"[3.2045170163374923, 0.8898772145203498, -0.1769738062299908, 2.0120585387352787]",0
2712,"[3.252155130511783, 1.894413275568881, -0.2093315421035014, 0.8372181162868231]",0
3139,"[3.2279828854448978, -0.17818732281156074, 0.8223692295568453, 2.03711729514955]",0
743,"[3.191764432394296, 1.885788557665638, 0.8928808373127117, -0.0882015711697127]",0
3430,"[3.2523029216908643, 1.9754935854050397, 0.8545745828418345, -0.2310967053274224]",0
2312,"[2.183854935472929, -0.2074394607081327, 0.8207875694898182, 3.204162420889822]",3
1941,"[3.221333210399667, -0.1867949842177939, 0.8490567753340408, 2.037330325775407]",0
283,"[3.2503942043905774, 1.8378547512198862, 0.8920400105523015, -0.20477260623169258]",0
2920,"[3.240233342905521, 2.216379731080319, 0.866142038012252, -0.2632974198597578]",0
2223,"[3.2647740803943286, 0.7884955190739042, 2.2224750136255187, -0.26839071901335404]",0
2244,"[3.2769643816711382, 2.062694490591774, 0.7627386463952024, -0.24264158444438969]",0
3293,"[3.218617179708623, 1.1086464874517399, 2.13410871988962, -0.2512804831367622]",0
1660,"[3.264632736680526, -0.22990840784377534, 0.8133665531622307, 1.912341115905146]",0
384,"[3.2777597263425187, -0.23115941674427878, 0.7958274089796493, 1.8213545859936462]",0
3392,"[2.169374228975222, 0.8389049442554096, -0.2362757346961458, 3.233433121891449]",3
2878,"[3.2062081596719643, 1.1456576006660153, 2.0430468818667733, -0.23934373455838637]",0
982,"[3.235529313008673, 0.8100294233972707, 1.9528583315612256, -0.15957303006924733]",0
1492,"[3.244306049341948, 0.7939791598890602, 2.1521904607067226, -0.2209526599158992]",0
1100,"[2.199880682864556, -0.25373886635794296, 3.234841655263163, 0.8634105900143841]",2
3653,"[2.177390224942412, 0.8519636787028392, 3.177594795535861, -0.19886820185197618]",2
2450,"[3.2466133590626196, -0.2541882081498462, 1.057996113159478, 2.045293185130989]",0
2460,"[3.197516720364124, 0.9199849885135547, 2.0992466305155544, -0.20324676308253722]",0
264,"[3.236549122708332, -0.20882726405532975, 0.8120123825446267, 2.114974646829208]",0
1953,"[3.2630380705418087, 2.068500931194277, 0.7735269571296484, -0.21764172880527433]",0
3777,"[3.240859903647791, 2.0866553075528977, -0.21936542943221105, 0.8307790813355571]",0
20,"[2.1897783007133347, 0.8236581314256749, -0.19958014493332005, 3.187990003125797]",3
2049,"[3.2409710137680063, 2.1186355161594292, -0.20858217372893575, 0.8005591768044883]",0
2090,"[2.1642240361779765, 3.091856966233747, 1.1127260761236293, -0.2168845989311395]",1
3389,"[3.259567095207268, 2.1128699275909884, -0.25260920841550083, 0.8419709564048498]",0
291,"[3.2075868546995565, 0.899019163988776, -0.19618055197348955, 2.058791772475813]",0
33,"[3.2549140166488972, 2.192760366029604, 0.8067621127231321, -0.25476462044515186]",0
3417,"[3.224013296995754, -0.21506501857894716, 0.823148952334793, 2.157845347041748]",0
247,"[3.234338689269649, -0.24059865090690583, 2.069724618524801, 0.9880441311693184]",0
3170,"[2.2120760687733925, 3.240281713164071, -0.27558890174899303, 1.102067882554135]",1
1639,"[3.230125247149986, -0.2597563293494128, 1.1231697063344541, 2.13892613517801]",0
281,"[3.1970666847761264, -0.2272570348741288, 2.1705404977196925, 0.9133273319646942]",0
1448,"[3.242992523711527, -0.24015541481330313, 0.8846739076814918, 2.0980373047216094]",0
2503,"[3.22704959502049, 2.1894683183318975, 1.1412360853717205, -0.26908841717827175]",0
916,"[3.2777042147941486, -0.25494264350315743, 2.117889911088832, 0.7680745114122101]",0
2593,"[3.2134208323640396, -0.24066211510982832, 1.0571369416992757, 2.126328740471367]",0
2402,"[3.239290835226976, 0.8925185283124989, -0.21666699700546183, 1.941818537518086]",0
3287,"[3.249114656787565, -0.24379611285942557, 2.1924496288001025, 0.7948165243861561]",0
8,"[2.0885961295640105, -0.23703817211539716, 3.1786859945603996, 1.1618772413803786]",2
427,"[2.0643729140279627, 0.9132729977910993, -0.21294757708932222, 3.2176415646090666]",3
1676,"[3.230936743973892, 0.7796371342257972, 2.2110146906066395, -0.22331565127774133]",0
2247,"[0.9165687525471217, 3.223804857861223, -0.2673579094305851, 2.2336193187642546]",1
2372,"[2.1417002523580315, 3.2014233846635425, 0.8292477446106823, -0.18292251101889123]",1
2875,"[3.223732979295381, 2.2395648188721604, -0.2629221394517582, 0.8456750216337081]",0
857,"[3.235329150758079, 2.2445476722960085, -0.26248715753750823, 0.8026907708861315]",0
374,"[-0.21794317201573016, 3.259809950464301, 0.8120640943155656, 1.9131442371502398]",1
2577,"[-0.22244278789750055, 3.2560878605443975, 0.8298593335722223, 1.929816609727705]",1
2142,"[-0.24516896291741236, 3.2166410589573893, 2.1051282328577434, 1.105588543450252]",1
2083,"[0.9665171048458983, 3.185361406999449, 2.074514495136027, -0.19609792341372093]",1
2758,"[3.262599258563316, 2.156932010410536, -0.2523278557270056, 0.8006878795594108]",0
448,"[-0.21937631909065966, 3.224104082758469, 2.0982785396774, 0.8824561857659866]",1
416,"[-0.24145049452717438, 3.221757861244204, 2.0775025286659456, 1.0840840993813081]",1
3009,"[0.8081823509485287, 3.2667580545322976, 0.8157401602331507, 0.8046712664312929]",1
1858,"[2.1772198410975196, 3.257409907549362, -0.24376255485300194, 0.7855387185844632]",1
2709,"[0.8467638539944224, 3.2557725347311637, 1.851928587063386, -0.20743299311917507]",1
612,"[0.8006666550960347, 3.2294448709408408, -0.20837863264526596, 2.162096922019815]",1
3533,"[1.0114361068897184, 3.143245941696389, 2.0710649689931815, -0.17152648594479658]",1
78,"[0.7704868817084165, 3.2665089549525157, 2.100821413512388, -0.22952801573508833]",1
1645,"[3.241358721738316, 0.8647575565144738, 1.9587708199985212, -0.21429905544849642]",0
3017,"[1.9722046367817816, 3.2547283598484653, -0.24695946468743146, 0.9249744907854734]",1
1818,"[2.1435216625681806, 3.183973845495694, -0.23139743661047757, 1.0733534160376048]",1
1381,"[0.8315593169348307, 3.244273876836187, -0.1892943869530676, 1.9035585253833198]",1
378,"[3.235502310069824, 2.1355243238878443, -0.2140668609637776, 0.8117518652235405]",0
920,"[3.194848034199474, 2.1683665004209565, 0.829700699616728, -0.19345595754786668]",0
289,"[2.115462541693419, 3.1955789469290927, 0.9010026500192841, -0.2014384680499271]",1
1767,"[3.2320847626477045, 2.2143483330209857, -0.24303844114132447, 0.8054345235328559]",0
1223,"[0.7903893870582195, 3.2695066337724406, -0.254127131473905, 2.134937925607993]",1
1761,"[-0.2611272634911189, 3.234650410625199, 2.1943211404338947, 0.9542024541613874]",1
3267,"[2.1790779879121454, 3.246138669852159, 0.8218360993715534, -0.24642805572726717]",1
3063,"[-0.2499887735774148, 3.2539809686381207, 0.7833795582127244, 2.2077745734881944]",1
3457,"[0.8245646890587885, 3.252222791871339, -0.249914874698386, 2.166446997095359]",1
852,"[-0.22964589112308564, 3.2385432953461026, 2.1753261866267852, 0.8049010538182542]",1
1511,"[3.2321830107742944, 2.1520031752971884, -0.22712003357285154, 0.8337214125309942]",0
294,"[0.9490899418549144, 3.2450663857052473, -0.25441908722754103, 2.1285621136824058]",1
2481,"[-0.2651415161981334, 1.1284106693515814, 2.1688956785655735, 3.230275549230138]",3
3121,"[0.8262781119035564, 3.2511860511260258, -0.23854145790529657, 2.1178803990668102]",1
1440,"[-0.17646596292357897, 0.9351746695818017, 3.216242035306316, 1.8918285781412634]",2
831,"[1.175968853539117, 3.233215525817244, -0.2664881388431424, 2.1167439375098303]",1
3923,"[2.1368123726749517, 3.214547638746992, -0.22203491415826926, 0.8877987424661513]",1
1255,"[0.8781674458046842, 3.165537294114528, 2.199090972898099, -0.21813544585138359]",1
3868,"[0.8880941936534859, 3.2284001841504595, -0.16531808081267418, 1.8642214900422844]",1
3498,"[-0.25281483864442866, 3.271694413559127, 0.7663549925996145, 2.1727489543354]",1
1925,"[1.0328318199311288, 3.146046519246864, -0.20415852281382108, 2.136260765107617]",1
184,"[1.9792257542626712, 3.2732126968321626, 0.7813901652423242, -0.24002554227922976]",1
3367,"[-0.15727270384832595, 3.151320893532507, 0.8423051432299815, 2.1632434625875465]",1
1522,"[0.8271620884227624, 3.2385089886172937, 0.8515921576409364, 0.8704353941358867]",1
968,"[3.231656178814417, 2.207714578805543, 0.7810936892908863, -0.22291480799997515]",0
3614,"[0.7914019781627127, 3.232121694564969, 2.1454178284835352, -0.1941516073962277]",1
1357,"[0.9799189451597881, 3.1768850313343897, -0.16152479325826435, 1.9625999305908561]",1
453,"[-0.2528936773625419, 3.2498293050790794, 2.1258237916099127, 0.8958748245123711]",1
1499,"[-0.2070278171140308, 3.2142504865436186, 0.9602809354581194, 1.991935982136579]",1
268,"[2.1576770077158396, 3.2368927006552535, -0.2661746708954807, 1.126212681017216]",1
2316,"[-0.19739390690364617, 3.145413358513052, 1.007895121490326, 2.131802651307595]",1
2357,"[0.9362967788155933, 3.1998576812500126, -0.21885874776702216, 2.131408785068758]",1
969,"[3.229390325122889, 2.072288785433476, -0.22060303661144356, 0.8849743544795984]",0
3840,"[2.1277041050099084, 3.2664125386056466, -0.25700655103851067, 0.8158180150462044]",1
1802,"[0.8062384655826781, 3.1915107898432296, -0.1705710379217709, 2.1735285521369883]",1
203,"[0.7876945457006959, 2.194790383807855, -0.2115697630141964, 3.225309516190268]",3
1557,"[2.0748816726114447, 0.9391097942166751, -0.18689510892968944, 3.1825063517078984]",3
537,"[-0.21381703215634185, 0.942366650798315, 2.0695120464292764, 3.2114377980315276]",3
1053,"[0.797226744668442, 3.2613685794040355, -0.20629374226050584, 1.8957711772740793]",1
3220,"[1.9339795763773444, 3.213216121164694, 0.8811385573794771, -0.164461529860342]",1
304,"[2.1800811707415826, 3.227884510037986, -0.23603201689400835, 0.8411528332022649]",1
2926,"[1.0065441953318945, 3.2185267695672986, -0.23239172430682303, 2.0915735258932817]",1
1855,"[-0.15887480901358833, 3.1157656498337962, 0.9116467764404196, 2.141678543753898]",1
185,"[0.8427400385950301, 3.2474682332141933, 1.9980943305206043, -0.22159493608093164]",1
2652,"[3.161965378923031, 1.0705109697248416, -0.1851293402813076, 2.0115010567070533]",0
359,"[1.9869531903708204, 3.250572760325802, 0.8810386760749648, -0.23620876221319975]",1
625,"[0.8669826577728529, 3.2325303488720962, -0.2584203626036997, 2.2145768748699384]",1
3258,"[1.9904904702297639, 2.1369081522529685, 2.131260364250991, -0.18948166710448522]",0
2098,"[0.8386443731768728, 3.249428190324461, 1.8866191090614615, -0.20100702174237253]",1
3705,"[-0.25081028613463363, 3.2298260027090397, 0.8986072726303863, 2.1855819033764248]",1
209,"[0.8291552095394747, 3.2690033280139796, 1.8250846128177929, -0.22317872400850877]",1
3767,"[-0.27140524724465154, 3.2348011116112287, 1.0720361301574977, 2.210960345882853]",1
3131,"[0.885780599627712, 3.214828972771933, 2.1379882800494077, -0.22214586206809891]",1
2313,"[2.198378079865954, 3.2169160747263126, -0.24739759139969877, 0.8958639508928243]",1
3036,"[-0.17670697093577886, 2.071566845446814, 1.9693307313498922, 2.162929590128748]",1
3360,"[0.8195858318861617, 3.2527316475992847, 2.1720756890988184, -0.250473283690901]",1
3583,"[-0.24598566542980585, 3.233887316922164, 2.1501071587388343, 0.9126727629324836]",1
3316,"[2.057809919220475, 3.26130470078097, -0.2431899848664765, 0.822444913575975]",1
3969,"[-0.24795476822676382, 3.2624755863957215, 0.7958411946697662, 2.1461102970110097]",1
2986,"[2.151841394744797, 3.208922881650501, -0.22696722368556924, 0.9078452175100951]",1
2306,"[3.2147928388002383, 2.0563199726316665, 0.9714195113472045, -0.21923698535191624]",0
1825,"[-0.1971236245097427, 3.2557029093912937, 1.9037668073180418, 0.8032357807265097]",1
2651,"[0.8543421800968752, 2.084082620181473, -0.14366985691907802, 3.181561029149153]",3
488,"[-0.2615970212762582, 3.2743000242979368, 0.809099757267112, 2.08465090777718]",1
2701,"[3.136100051327617, 1.9523723953728722, -0.08526039406556354, 0.9492354850484273]",0
2340,"[3.2331637022404216, 2.1834441655979058, 0.7994488986357695, -0.22372667940052265]",0
2961,"[0.7894447891490979, 3.2596521227391597, -0.2699000825045346, 2.2365971644972853]",1
2036,"[-0.20485498645979566, 3.2361562756369397, 2.0918662831782187, 0.8170780314029946]",1
766,"[-0.2253620250696697, 3.206757582808855, 0.957782931448619, 2.1248421560035355]",1
405,"[2.1880114279000904, 3.2344161285215765, 0.7732999498421149, -0.20197570317028918]",1
3114,"[0.857008221585149, 3.188259009433014, 2.155867806508456, -0.19586121286529196]",1
2236,"[1.9730706785749095, 3.235580388015734, -0.22813904980789887, 0.9556851795994112]",1
2596,"[2.158197598795048, 3.1813894117857235, -0.185312838772651, 0.8473217173254061]",1
528,"[-0.1510959466448867, 3.237096515130074, 0.832246488591663, 1.872246006651885]",1
1199,"[1.124058679735854, 3.2511965253644637, -0.27695503050580444, 2.185929864748873]",1
836,"[0.8701998015113765, 2.102584563960412, -0.10189720653429679, 3.129265607628848]",3
2441,"[-0.2697656789848144, 3.2735479183854412, 0.7980016088805344, 2.182250904629496]",1
1869,"[0.9714545891801121, 3.2567805422968235, -0.25142655900333, 1.9465506680848292]",1
3826,"[-0.24578890149269703, 3.245007691518528, 0.7673415861913703, 2.233672091837004]",1
689,"[-0.2270327906430127, 3.2521495123175406, 2.037869477234204, 0.8255243084716992]",1
2694,"[-0.21341408966713135, 3.2161754533568545, 1.9554227921828806, 1.0272031788481553]",1
3339,"[0.7779674252197166, 3.2320610159342813, -0.23231967361490824, 2.2223449167214167]",1
2366,"[0.8018933536943691, 2.2141333592049843, -0.24247347865902055, 3.2334500694959414]",3
2569,"[-0.21559159143763007, 3.228402884086131, 0.9281512720276477, 1.9779370904540419]",1
138,"[-0.22821305866419242, 2.1645764546189104, 0.8134849246353738, 3.2371644176778083]",3
919,"[0.8605294457282942, 3.250475536108659, -0.25476679719340467, 2.1614376818829046]",1
2350,"[1.996331032963605, 3.2456683497134424, 0.8691718959105819, -0.22735095461854385]",1
1204,"[-0.23012953745584347, 1.9014713034349133, 0.852349534389099, 3.2583368144939264]",3
3733,"[0.7779351479545966, 2.2186669839176076, 3.231816900057635, -0.22899608840788013]",2
2699,"[2.127283482873442, 3.2653871929173794, 0.7974079969050292, -0.2494550933309465]",1
3057,"[-0.16277911109829316, 2.095913969110717, 2.079173668927282, 2.0642808554882555]",1
3169,"[0.8055104586981767, 3.2687606753098084, -0.23348294155931365, 1.9009075831400537]",1
3020,"[2.0847365673830374, 3.2474263423357668, -0.22254936113106355, 0.8173485439632614]",1
1076,"[-0.2431404839427786, 3.206339422663312, 1.1124499371167926, 2.119917346760712]",1
226,"[0.9768321790061398, 3.2154810970399144, -0.2375265459680995, 2.1401547474100715]",1
596,"[2.034226106564283, 3.175697016955987, -0.13218825523288585, 0.8787349426215975]",1
701,"[0.8014648217810404, 2.189581124269575, -0.22520455072599185, 3.230350069828703]",3
2130,"[3.232867596098704, 1.9692995046733095, -0.22568445140438143, 0.9642991836777565]",0
2845,"[0.9645196870825877, 3.1585368264697866, -0.21360764344771246, 2.166356333895158]",1
3853,"[-0.2088779406987283, 2.1265503564191763, 1.04687777524206, 3.1581429679961786]",3
856,"[-0.22981201416244734, 1.8610989408456642, 3.2751468996050073, 0.7859541162060751]",2
3599,"[0.7874698983123511, 2.0852721761951996, 3.2531762078089086, -0.21180947716852264]",2
3682,"[2.0227436655914186, 0.80083326922014, 3.2534195466318283, -0.21255670731108287]",2
727,"[0.922958370767047, -0.20970589081546095, 3.214791881450744, 2.052020018337817]",2
587,"[-0.14869477594465041, 0.8520312677881601, 3.2049595925233505, 2.0023176689071054]",2
3208,"[-0.20910471425833627, 0.8142307614078985, 2.1822592307895854, 3.2114879558870943]",3
1814,"[2.0261840038668697, 0.8082153567750112, 3.2460706390922107, -0.20262615565146272]",2
3952,"[0.8641948621362877, -0.11081580394950928, 1.84489102314899, 3.224252361400602]",3
1728,"[-0.21214162010372165, 0.8196137006796752, 3.237393665697707, 2.104310828196228]",2
960,"[-0.19742189804946586, 2.0854362257461565, 3.2078661502229067, 0.8818865568389362]",2
1215,"[-0.21451947722270062, 0.7954148855871879, 3.2626952931537376, 1.9183622360754173]",2
1571,"[2.044553130084872, 0.8667252079957439, 3.2407770655608057, -0.22544150978011296]",2
144,"[3.2015036629140194, 1.0461215766116663, 2.038019187432781, -0.21503944233138325]",0
1115,"[2.074912670893013, -0.18689854474834627, 3.2162911027760783, 0.8457303307721985]",2
1975,"[0.805767611104469, -0.2569162532432216, 3.257081957291974, 2.1936799598496695]",2
3161,"[0.8127555813866144, -0.19981723170102544, 3.185725377799156, 2.2010612996156738]",2
191,"[1.8822104769012575, -0.20280722676298948, 3.2508522435557414, 0.8383917691808843]",2
3008,"[3.2231930755684326, -0.23091871114606205, 2.1536478643215493, 0.871568665127964]",0
1670,"[0.7819579410063013, -0.24068557614166913, 3.25956617878501, 2.1641596225333637]",2
1505,"[-0.24515721327522014, 0.7702467679605713, 3.2627542565383925, 2.186851777202131]",2
860,"[1.0402106150393213, 2.125541227945246, 3.200383619508478, -0.23072380524618277]",2
3795,"[3.1974308756413947, 0.908577141461225, 1.933902690638729, -0.15093304733824223]",0
1129,"[-0.24674734351879374, 2.201625531389505, 3.2254813160933358, 0.8548022392866939]",2
505,"[-0.14735906811934485, 0.8421557008149345, 3.2200618325644847, 1.9331275411817122]",2
1094,"[3.255433849806393, -0.25139605422434985, 2.190537974535944, 0.7976316757876385]",0
1336,"[-0.229142741898182, 0.8409778306915042, 3.251631505580893, 2.0102351621086245]",2
3643,"[2.209113148916457, 0.8056099159792567, 3.217255856242348, -0.22771411789372586]",2
2934,"[1.885995285102263, -0.2511279069534924, 3.2835821983521036, 0.7733216342921596]",2
53,"[3.2353740234403667, 0.8108284274876572, 2.059374650109772, -0.18886335654857178]",0
285,"[0.8284283512811883, 2.0564409513793813, 3.235763146132042, -0.20310143071934011]",2
1588,"[0.7784866268489047, -0.23322044295394406, 3.257169982056222, 2.1609788699638064]",2
220,"[3.2233716004879915, -0.2046857568273722, 2.1783994333150054, 0.7952796609927725]",0
2210,"[-0.19493769144313886, 1.897109269534542, 3.2296318271761177, 0.9118894175189124]",2
1160,"[-0.2561715125139048, 0.7693318885692946, 3.2732919709396877, 2.1679070577739847]",2
2743,"[0.9369578795766256, 0.912714712335724, 3.1829861999239215, 0.8712780361807151]",2
990,"[2.219990931342975, 0.8042135193063835, 3.209956916978042, -0.22979062182476814]",2
3276,"[0.7828233454931812, -0.2567767844717215, 3.267955014424164, 2.17648807570203]",2
3019,"[-0.1842152895108474, 0.8437295115027997, 3.226838325335022, 1.9960145948686856]",2
3292,"[-0.23448534569103474, 2.0768464500096155, 3.2505892353237353, 0.8370898832409102]",2
1149,"[2.0383750155324263, -0.2526911063191144, 3.267231232349315, 0.8301195620495923]",2
548,"[3.24326482211259, -0.2511949777823439, 2.1775450605429767, 0.8536857634017936]",0
2427,"[-0.25009825826374765, 0.9009631803437146, 3.2412385994639044, 2.1489633935224495]",2
2154,"[0.7950426884382561, -0.2162995884139335, 3.23037799671247, 2.1823035635694583]",2
3604,"[2.21668639219709, -0.2628371440747184, 3.239658447438883, 0.8641805998725054]",2
1667,"[2.206624894996722, 0.7792311051374152, 3.253320703145231, -0.24642488087680872]",2
1299,"[-0.2525363022388749, 0.8765775093773637, 3.268412957546566, 1.9012506985964173]",2
2966,"[3.2218844350067206, 1.0875519403051164, 2.078126083199922, -0.24209047927373245]",0
646,"[1.8661554297367626, 0.8830208319479053, 3.259134782600613, -0.23173300053270332]",2
1819,"[3.160429902836934, 2.000737108412088, 0.9298884855849378, -0.13297857565558252]",0
2423,"[-0.19475995215683878, 2.1480984510644454, 0.8521584350461922, 3.194616236854816]",3
1891,"[-0.21267306552260107, 0.8788857963107859, 2.160588697799485, 3.194655371404785]",3
2185,"[0.7912045502917555, -0.20250751582538945, 2.135268311386639, 3.239212048580429]",3
2434,"[-0.23608426003424343, 0.8219286394566537, 3.2707910006765957, 1.8565796760081774]",2
2408,"[0.9400265435615276, 0.8325982140440469, 3.2088765213951853, 0.8965436447640801]",2
2822,"[-0.25397192139373914, 0.768622027416367, 3.2815937871957344, 2.0087866152149756]",2
941,"[-0.1746449540559662, 1.9091244403361904, 3.2196944537039176, 0.8953051462058391]",2
2943,"[2.051144085688, -0.2613202534343155, 3.2718370943673287, 0.8356280552232962]",2
1504,"[-0.20017947470031872, 0.8514989568265525, 3.1969918996216298, 2.1543108829012887]",2
2012,"[3.1518714008124236, -0.16447491738979997, 2.044983877255106, 0.99381785687809]",0
2538,"[-0.16061230825190073, 2.0019492171659223, 3.219887355865952, 0.8321547468039062]",2
2937,"[-0.2121828424619196, 1.9192254475696795, 3.240504520465935, 0.8860204126227121]",2
2600,"[-0.22038241245927548, 0.8223467418014032, 3.237621138535909, 2.1262443869305168]",2
1095,"[0.7637190352429662, -0.26261524165024663, 3.26452683474116, 2.2324338923515104]",2
2171,"[-0.24782656489171287, 0.8483454696161488, 3.248130684257938, 2.150266160386133]",2
1302,"[-0.16030230383036947, 0.9232948405694974, 2.1205385206298266, 3.132394379841732]",3
2186,"[-0.2144536024912814, 1.855613331313269, 3.254466563616859, 0.8676616015081957]",2
3243,"[-0.24049638389265182, 0.8324423856197125, 2.179296794231063, 3.236357557517796]",3
3261,"[0.834174157381276, -0.24736921674515214, 2.2000989009504215, 3.2342947572698337]",3
973,"[0.8701754591120652, 0.8743083099735762, 3.217230812554386, 0.8714464233805495]",2
1380,"[0.9009550793773112, -0.2542350554637794, 3.2217249898855953, 2.207560461956364]",2
2403,"[1.8902304556217637, -0.18854075082626462, 3.251299411150233, 0.8134954943972479]",2
3254,"[1.985627409673731, -0.24981293494262316, 3.259902808335044, 0.8883956797924311]",2
2179,"[3.2092318461693807, 0.8932430425197959, 1.9321872269978528, -0.16321356654142344]",0
1355,"[-0.22420919009614426, 2.1492907343876313, 3.2024558446150553, 0.9223960835062877]",2
2045,"[0.8689285188205952, -0.24531119819075783, 3.2402432281807245, 2.153560783129739]",2
2302,"[0.8219603757057716, -0.22154500854916814, 3.255844324931625, 1.9507440812542742]",2
803,"[3.2262775216498976, -0.24337863258493464, 2.2060069552524024, 0.8311931770302465]",0
1029,"[0.8465765896362702, -0.24073970798291683, 3.235024645047434, 2.1716825744997332]",2
1014,"[0.8264797210811127, 2.09768429296162, 3.237126637852785, -0.21400977452875553]",2
308,"[1.8891852681970325, 0.8584054468843461, 3.24585433315636, -0.2038311843398203]",2
1189,"[2.2021101172407325, 0.7817968888479536, 3.246711452013683, -0.23790632226878422]",2
2808,"[-0.2502059364870459, 2.183310176762937, 3.248153048884701, 0.8235118166894562]",2
1152,"[-0.23962060361891255, 2.113174066447461, 3.224058097163913, 0.9975228135641259]",2
1646,"[1.8549975598101232, 0.8156893648421439, 3.2575645814863554, -0.19401609224174618]",2
3836,"[2.1039391769265543, -0.20422921960837837, 3.174365050298967, 1.010316575323614]",2
2554,"[-0.24175634397812681, 1.032247494285761, 3.233642217573047, 2.053023234610563]",2
3835,"[2.161245406297071, 1.0859261702331224, 3.2092845532789642, -0.24940021356093203]",2
3994,"[-0.21389284209076262, 2.1308364839429554, 3.1670202694803327, 1.0410437782167201]",2
1964,"[3.1693655646580545, -0.2096957185808347, 0.8960875462383086, 2.1758082426724976]",0
729,"[-0.21999753930606655, 0.8108213646387236, 3.2218719966874763, 2.1860277526812006]",2
3459,"[0.8264507672482903, 3.226495228445839, 2.1981909113632394, -0.23810532677026477]",1
3315,"[-0.17837747950691962, 3.1837621246163508, 2.0545651668124063, 0.9284784412113559]",1
1689,"[0.8206342153047632, 3.2246637033690133, -0.13258225514549968, 1.9350484981345113]",1
1885,"[-0.16238863093045872, 3.152931341085418, 0.8983146819092908, 2.1170499269256484]",1
1726,"[0.7944075511228458, 3.2578283147650104, 2.2270790114117105, -0.2658896588897056]",1
1242,"[0.8744343684961459, -0.24307698845690262, 3.26139972856521, 1.916099996328341]",2
193,"[0.8124003510598184, -0.20960659012849595, 3.2464016101096163, 2.0427098420840686]",2
2568,"[1.8427115198104569, -0.24035195910547136, 3.269157874493353, 0.8609520416795374]",2
1080,"[0.8371039485596576, -0.21925985241214355, 3.2602849488862082, 1.8644508336310928]",2
1296,"[1.016207452346665, -0.24095983660319625, 3.170748895241739, 2.200383672340821]",2
2319,"[0.8096578733136081, -0.2039255540825293, 3.23065660974977, 2.1325963086837523]",2
2113,"[0.7873497914349324, -0.2563679683473156, 3.260641998035559, 2.200393892595981]",2
3828,"[1.0043269426295978, -0.11567002056668908, 3.123210930840682, 1.9787440013207354]",2
2706,"[-0.25393776800707124, 1.1146170230073924, 3.2361679681056845, 2.0653299471341104]",2
716,"[0.8144316612641067, -0.15776235867213734, 3.2251218596921514, 2.022971025697686]",2
1629,"[-0.20416109215951633, 3.1954079604595447, 2.1750468408567243, 0.838300570244977]",1
3282,"[-0.2183160732830419, 1.8190155504725571, 3.2748851914678228, 0.7940397037954469]",2
2970,"[2.183412764062516, -0.2674993715878255, 3.2384178078847445, 1.0823195798669185]",2
1650,"[0.8993282296114239, 1.8676639953977408, 3.240215815930282, -0.19938991223693173]",2
731,"[2.152952065867649, 0.8398647638194868, 3.2346651986077806, -0.23237485130147173]",2
1907,"[-0.20763881777999355, 1.9845310742753564, 3.223984916032796, 0.9139901527484066]",2
1881,"[1.0473159030212413, -0.2518770613034814, 3.24483685383545, 2.0460059541649516]",2
3794,"[2.1134484340955573, -0.2243498258315243, 3.2432158491427727, 0.8212558133657029]",2
3068,"[-0.25087212854668395, 0.8282165227566401, 3.2757724554629184, 1.864453176376571]",2
3896,"[2.1051978808631806, 3.1454793588620515, 1.013825753640599, -0.18705881450466572]",1
3157,"[-0.22906521365979343, 2.1249998691834664, 1.131296573125929, 3.1621317620625273]",3
683,"[-0.2471557022433005, 0.8122717082254918, 3.261961721735812, 2.109151277752553]",2
2100,"[-0.18881259106449977, 0.8861528659755717, 3.198685066691138, 2.086344117538905]",2
65,"[0.7710922162625502, -0.24518993808436182, 3.26445911964191, 2.177135269614832]",2
3650,"[0.8944384877303587, -0.25362756629449884, 3.2417548864615338, 2.167134859437806]",2
2657,"[0.8524967852168889, 2.1638778094212126, -0.2021193695709109, 3.1925109853978078]",3
499,"[0.8379178307547014, 2.1475237546290606, -0.15345343499972344, 3.1671316813827493]",3
999,"[-0.20667772370393456, 1.8479828425239824, 0.8443587016070322, 3.256636618171592]",3
270,"[0.818403928980597, 2.1933921839546184, -0.21604930101644057, 3.2078752211192945]",3
3469,"[2.094790629371687, -0.20890657854006686, 0.771520861778692, 3.2586049042257215]",3
490,"[0.8284831570177741, 2.204548092638992, -0.2467448894734978, 3.232970624164927]",3
2224,"[0.9401313829967534, -0.11767520358960444, 2.0160552245840004, 3.1388541534695893]",3
2816,"[1.8681922497216374, 0.8466578410565597, -0.24803005860377864, 3.2717602259776353]",3
3449,"[-0.2621180444165977, 1.0938860200084635, 3.222818959968351, 2.18664226747872]",2
2992,"[0.9243209721379991, 0.8418313328639578, 0.9378053904610564, 3.195937332927781]",3
1079,"[0.9055146760026528, -0.25647328986927886, 2.101669229828159, 3.2556985836494934]",3
1276,"[2.170015693113606, -0.2039701970667148, 0.8172053305193361, 3.2121205053049224]",3
3128,"[1.0676348437277794, 3.216571472239405, -0.2573730501955058, 2.187063282272848]",1
3770,"[0.9917643017274104, -0.22348419147282342, 2.0046177403379666, 3.2238912066363565]",3
938,"[2.1573735619316126, 1.0564399748799842, -0.24449493246724807, 3.207733242092328]",3
1391,"[0.7807467742292951, -0.23955418653719632, 3.2458774678801157, 2.2082517602276677]",2
895,"[-0.23913270363131514, 2.194978120789983, 0.7898154296224852, 3.246438227583689]",3
1549,"[-0.23802022430739506, 2.035956111566288, 0.7753149568735083, 3.2721076478844204]",3
3873,"[1.8349171850396315, 0.8584830902937626, -0.15210828879429644, 3.2396550892265275]",3
262,"[2.050391323106678, -0.24479804078260062, 0.8494109788043256, 3.2577633325484006]",3
2220,"[0.8456776116210636, -0.22230467525645525, 2.0018563456431204, 3.2469487047923637]",3
1060,"[0.9220028764588105, -0.2560543583863704, 2.0899884026898428, 3.2548843759803425]",3
3689,"[-0.24102042716845232, 2.210510359497833, 0.7769036308632346, 3.2483158717711156]",3
1395,"[1.898957711752955, 0.7966399844441855, -0.2279673872129959, 3.268773734921267]",3
114,"[0.8611389406769121, -0.2331710633405802, 2.1600333857384046, 3.2264452319077317]",3
2233,"[2.1847414947328443, -0.23904622072941628, 0.9664599289022671, 3.1946695919964614]",3
2500,"[1.888488372776918, -0.18744989874661228, 0.817412120616834, 3.2499764669549327]",3
1643,"[-0.24925631926924396, 2.209080770283618, 0.8967036029961732, 3.2112758562426613]",3
3553,"[-0.2237747090301348, 0.7765640875457611, 1.8563933866783113, 3.2761828568074596]",3
2429,"[-0.2500331289537673, 3.257435053370073, 0.8353001501573799, 2.1232167993838833]",1
2744,"[0.8368341442862186, 0.8304049909074356, 0.8123337232650849, 3.255505292590163]",3
2002,"[0.7943739332105004, 0.9326501695529946, 0.8472774946176471, 3.2434602846660217]",3
2805,"[-0.2458326797147147, 1.863938392418662, 0.7760761033213632, 3.2824106542182]",3
61,"[-0.20776431971451742, 2.171535624462506, 0.8181357299061046, 3.214075581174565]",3
215,"[3.220761858965579, -0.26284115867270924, 2.18561103120854, 1.1127419244911225]",0
271,"[0.8047306117275769, 2.178131294569754, -0.2360205491697097, 3.243047611187131]",3
1939,"[-0.2290332394747478, 0.8164508998329141, 2.037625640075551, 3.2557072705856354]",3
1773,"[2.180568594797181, 0.8340730859323474, -0.20642919131256987, 3.1964864432792623]",3
2128,"[3.227625489544682, 0.8906201115441162, -0.25590502734174364, 2.207076306429094]",0
2989,"[-0.23394521646321956, 2.193699961030453, 0.8790944298936318, 3.201882997515948]",3
1910,"[0.8081373356072733, -0.2722107126162233, 2.2126646970104233, 3.267291861571591]",3
163,"[-0.2306219855811977, 2.1680138794908186, 0.7857659321220588, 3.2505757519965837]",3
379,"[-0.2441125275053176, 0.8599640150083688, 1.9697330567378575, 3.260239965478474]",3
3071,"[-0.24644031864190377, 0.7550807406510158, 2.1532257383278988, 3.275418000574359]",3
1903,"[-0.1893173535368984, 1.8879108864199945, 0.8199384353567414, 3.2499160593581364]",3
737,"[3.195910518689728, -0.24288246881509298, 1.1404374356301863, 2.1156946190924]",0
3078,"[2.123847369496576, -0.2334734299779979, 0.8569968320097173, 3.2380450321609966]",3
2735,"[0.7953985076980313, -0.24986204130499995, 2.2091859992679472, 3.2478143285630194]",3
3731,"[-0.17968118849674336, 0.9117177044058596, 3.172811325587359, 2.103939463688613]",2
3779,"[0.8784178948663526, 0.8299260074012417, 0.8354764216077204, 3.240496397943271]",3
1241,"[-0.20088135174439353, 0.8187503434400083, 1.908802110435556, 3.251735008111298]",3
2047,"[0.787222350813527, -0.21542745078043932, 1.8985824340387363, 3.2670562584379748]",3
3410,"[3.1701400172239236, 0.952272626451282, -0.1424768957894204, 1.9619276576410714]",0
1746,"[0.8921651407051527, -0.2227157316925431, 2.153822529074595, 3.2068163485411048]",3
3005,"[0.9214922950214846, 2.1759436221147395, -0.25742280021923225, 3.2402581199996323]",3
3647,"[-0.2186764704968424, 2.154869957073599, 0.8598007838547268, 3.212793814502718]",3
666,"[2.1795051874065976, -0.2694632795865507, 2.193448928182993, 2.2084468094293452]",0
1293,"[-0.2557609469996407, 0.8291788881189421, 1.8820557551118677, 3.276795685237749]",3
1579,"[0.9185162095076478, -0.15569956056651746, 1.9506476115936213, 3.192914419844814]",3
1554,"[-0.21183011305135852, 0.7876332062079143, 2.157324665947994, 3.2408729675238463]",3
80,"[-0.23201528520918133, 2.1343236380134956, 0.8431680754158535, 3.2381922474088047]",3
2173,"[-0.23311308105880285, 0.7876286988700694, 2.0947361710283876, 3.262178785033118]",3
3212,"[0.7879050847125497, -0.2535549299558415, 2.1800149056933003, 3.2632098502334106]",3
2667,"[-0.2647526905078758, 0.8090278590743478, 2.120312183375334, 3.2742015906693243]",3
1929,"[1.089473562340672, 2.0957714150384943, -0.24581260431599491, 3.223632708365786]",3
3845,"[1.9630105434814182, 0.8589886879623698, -0.2089536212692384, 3.2391178537556353]",3
2405,"[3.237764787094876, 0.8264571690393505, -0.244631068805588, 2.1918539934954016]",0
204,"[0.8683314603608575, 0.8824119722064793, 0.9035061625074535, 3.205392084636043]",3
2453,"[1.9608441401150711, -0.22979373343077758, 1.075141251293835, 3.2244526259994353]",3
1827,"[-0.19539405743224886, 0.7802829139314724, 2.1434485177914944, 3.240610021377562]",3
921,"[1.8026764649095648, 0.8023570865575339, -0.22205731655882002, 3.2768642043483194]",3
2345,"[0.9130914384702192, 1.9133341541387998, -0.17670703947521907, 3.215640556840191]",3
744,"[-0.21301365693446958, 0.7909390115997339, 1.8140689867004118, 3.2749977260535217]",3
545,"[-0.10351340568618521, 3.087911503844428, 2.117373146799493, 0.8963475179024711]",1
3347,"[-0.26186327894649647, 3.242302319840296, 0.826176327888473, 2.225526149123777]",1
3006,"[-0.2464408687201248, 0.8201892788513163, 1.9943118183450605, 3.2669950792385802]",3
2518,"[2.168970284949615, 0.8350367366179511, -0.2447967479395919, 3.2436470026876494]",3
3559,"[-0.2003063252983087, 0.8156626236382278, 1.9008131351042274, 3.2533313685128618]",3
3010,"[-0.2512766292026219, 2.1599219009000783, 0.9663419017513363, 3.2308428971016414]",3
543,"[0.7701585433605691, 2.2419103995326473, -0.2560918418740354, 3.247649620328863]",3
1052,"[-0.20009435366262443, 0.8187596374382643, 2.0983706985954043, 3.2315443006051323]",3
2487,"[0.8237238631752047, -0.20774793641338848, 2.004449304646156, 3.2447533399707194]",3
2172,"[-0.23937481929395693, 1.02091734215884, 2.1036678709972296, 3.223297823101844]",3
1491,"[-0.21207671620283677, 1.8873567393219646, 0.7890034772599182, 3.2664542972412143]",3
3742,"[0.8561852898611244, -0.22742882063391487, 1.866773736572642, 3.260427477042301]",3
762,"[-0.24414957027709844, 1.9059444115196487, 0.8803690933055408, 3.262267457244006]",3
1951,"[2.12552509034874, -0.23647038638774057, 3.1960472001661615, 1.0967969609288044]",2
2184,"[1.825289467911921, 0.838006705416984, -0.23616116569135107, 3.272475075911338]",3
3000,"[0.7905001219669691, -0.19294301866131652, 2.198759919103065, 3.2045913250514504]",3
2369,"[-0.24176323428422888, 0.8240829209590272, 1.8870971510538725, 3.2700812547355973]",3
974,"[0.8496380268030168, -0.1824051711957947, 3.2007666615852965, 2.113438613540886]",2
2681,"[2.222659007551802, 0.8203428568606238, -0.24462025093959633, 3.2189687306116914]",3
806,"[2.1820192010296724, 0.8206629367408356, -0.24608533852803152, 3.2452002518626464]",3
113,"[-0.2168157574999129, 0.792227528263204, 2.052898278345696, 3.2562963209567983]",3
1985,"[-0.21506456459027973, 1.0422356557831083, 2.044736452283811, 3.200970723457845]",3
3782,"[1.9400948198214014, -0.23530574278164626, 0.8314379162404464, 3.261532925233025]",3
632,"[0.7943598017303894, 3.255801675434474, -0.23201859542590997, 2.1251539547539906]",1
235,"[2.0634383056196572, 0.7738577667101383, -0.24405253819412293, 3.2738965760551872]",3
2897,"[3.216563883682226, -0.2335088541820931, 0.8282234997397582, 2.20250272615638]",0
3999,"[-0.23560937234620707, 0.9666447029894327, 2.1364784085097765, 3.2155005038342415]",3
3026,"[2.0237656343038677, -0.2580772609399786, 3.259924966651906, 0.9471894894209097]",2
664,"[1.8371146035931214, -0.2421525876178179, 0.7919489870060632, 3.2801873404474957]",3
2482,"[-0.258300686904461, 2.2053606145892437, 0.7512980847709361, 3.275627629370395]",3
725,"[-0.14354130677880753, 2.1008229933578915, 0.8285398839842696, 3.1933893339383737]",3
3159,"[0.7700741915014911, -0.24223654218540272, 2.052443423949677, 3.274811698254243]",3
2019,"[0.8952810282902934, -0.22643820081842214, 2.1653274707710275, 3.204748518160594]",3
3796,"[2.1656595685071616, 0.8215086836013876, -0.21990606930081133, 3.2259272048198127]",3
1337,"[0.8897497756929408, -0.17927673788809423, 1.9123458707022465, 3.2227640594230875]",3
3730,"[-0.24944268964783384, 3.197962690768196, 2.1399302847528063, 1.1468568012442208]",1
3980,"[0.7880488011469944, -0.22589203590495552, 1.837789930220702, 3.2758276765457257]",3
155,"[0.7882826270374095, -0.22200934798502908, 2.177557389080117, 3.2406198587934645]",3
3954,"[2.1565265216995058, -0.2247368884081571, 0.8224534498064535, 3.23304795785545]",3
1010,"[2.1501968293386358, -0.20393218698660318, 0.8151473391163738, 3.222251625217159]",3
877,"[-0.2506690546822568, 0.7848705576239497, 2.1433653827249244, 3.267944094299057]",3
3273,"[3.2284951096401313, 2.051983689034432, -0.20991555589417013, 0.8670577649949537]",0
2606,"[2.0734662083278264, 0.8273902973774017, -0.1969922227491268, 3.2303285276568916]",3
2148,"[1.9496137195077055, 0.7973720960369921, -0.22140465350068841, 3.2625082040232947]",3
1843,"[0.8463246564162317, -0.15420187450072334, 2.0733915425612848, 3.196377214055338]",3
3124,"[0.9302584460151748, -0.17086030423023077, 2.1039081801055075, 3.154439024255235]",3
